#{"t_start": 1638736342.7837, "env_id": "GymEnv-v0"}
r,l,t
1.7,4,0.10207
1.63,4,0.179253
1.83,4,0.279195
1.57,4,0.353596
1.44,4,0.414184
1.9,4,0.474076
2.49,5,0.570392
